Country_Name,Country_Code,Year,PM2_5
Afghanistan,AFG,2010,65.2456
Angola,AGO,2010,33.7872
Albania,ALB,2010,21.2778
Andorra,AND,2010,12.8072
"Arab World",ARB,2010,53.787
"United Arab Emirates",ARE,2010,38.9801
Argentina,ARG,2010,16.8591
Armenia,ARM,2010,37.53
"American Samoa",ASM,2010,15.0727
"Antigua and Barbuda",ATG,2010,22.5289
Australia,AUS,2010,10.6189
Austria,AUT,2010,15.1491
Azerbaijan,AZE,2010,23.0476
Burundi,BDI,2010,38.3812
Belgium,BEL,2010,16.0093
Benin,BEN,2010,32.393
"Burkina Faso",BFA,2010,37.4913
Bangladesh,BGD,2010,70.765
Bulgaria,BGR,2010,22.7562
Bahrain,BHR,2010,65.6309
"Bahamas, The",BHS,2010,21.1105
"Bosnia and Herzegovina",BIH,2010,32.3002
Belarus,BLR,2010,23.3194
Belize,BLZ,2010,28.2731
Bermuda,BMU,2010,14.6474
Bolivia,BOL,2010,29.5728
Brazil,BRA,2010,15.9553
Barbados,BRB,2010,28.2168
"Brunei Darussalam",BRN,2010,7.417
Bhutan,BTN,2010,43.9619
Botswana,BWA,2010,25.7247
"Central African Republic",CAF,2010,51.5333
Canada,CAN,2010,8.38446
"Central Europe and the Baltics",CEB,2010,21.988
Switzerland,CHE,2010,12.9222
Chile,CHL,2010,25.8923
China,CHN,2010,69.4796
"Cote d'Ivoire",CIV,2010,21.6177
Cameroon,CMR,2010,59.2934
"Congo, Dem. Rep.",COD,2010,41.398
"Congo, Rep.",COG,2010,42.0091
Colombia,COL,2010,21.4978
Comoros,COM,2010,20.6664
"Cabo Verde",CPV,2010,27.5964
"Costa Rica",CRI,2010,19.273
"Caribbean small states",CSS,2010,22.8801
Cuba,CUB,2010,23.9333
Cyprus,CYP,2010,20.0819
"Czech Republic",CZE,2010,20.6769
Germany,DEU,2010,15.1895
Djibouti,DJI,2010,38.2409
Dominica,DMA,2010,23.7407
Denmark,DNK,2010,11.9291
"Dominican Republic",DOM,2010,16.8745
Algeria,DZA,2010,33.6358
"East Asia & Pacific (excluding high income)",EAP,2010,55.845
"Early-demographic dividend",EAR,2010,64.2843
"East Asia & Pacific",EAS,2010,51.912
"Europe & Central Asia (excluding high income)",ECA,2010,26.6014
"Europe & Central Asia",ECS,2010,20.5826
Ecuador,ECU,2010,19.9792
"Egypt, Arab Rep.",EGY,2010,77.4466
"Euro area",EMU,2010,15.1874
Eritrea,ERI,2010,45.2271
Spain,ESP,2010,11.3493
Estonia,EST,2010,8.51985
Ethiopia,ETH,2010,35.6341
"European Union",EUU,2010,15.9791
"Fragile and conflict affected situations",FCS,2010,41.8638
Finland,FIN,2010,7.19033
Fiji,FJI,2010,13.5338
France,FRA,2010,14.8456
"Micronesia, Fed. Sts.",FSM,2010,13.7492
Gabon,GAB,2010,40.2776
"United Kingdom",GBR,2010,12.2991
Georgia,GEO,2010,26.1012
Ghana,GHA,2010,27.3683
Guinea,GIN,2010,21.971
"Gambia, The",GMB,2010,30.2013
Guinea-Bissau,GNB,2010,26.8364
"Equatorial Guinea",GNQ,2010,46.1865
Greece,GRC,2010,19.0611
Grenada,GRD,2010,27.4729
Greenland,GRL,2010,13.9223
Guatemala,GTM,2010,29.9826
Guam,GUM,2010,13.8883
Guyana,GUY,2010,27.3119
"High income",HIC,2010,16.6693
Honduras,HND,2010,26.883
"Heavily indebted poor countries (HIPC)",HPC,2010,37.194
Croatia,HRV,2010,21.3347
Haiti,HTI,2010,17.7952
Hungary,HUN,2010,19.1355
"IBRD only",IBD,2010,59.5208
"IDA & IBRD total",IBT,2010,56.7211
"IDA total",IDA,2010,47.6839
"IDA blend",IDB,2010,53.3795
Indonesia,IDN,2010,18.1693
"IDA only",IDX,2010,44.7823
India,IND,2010,95.7582
Ireland,IRL,2010,9.97637
"Iran, Islamic Rep.",IRN,2010,38.6515
Iraq,IRQ,2010,68.7114
Iceland,ISL,2010,7.85654
Israel,ISR,2010,24.0192
Italy,ITA,2010,19.0252
Jamaica,JAM,2010,16.0917
Jordan,JOR,2010,33.5506
Japan,JPN,2010,14.1423
Kazakhstan,KAZ,2010,15.9145
Kenya,KEN,2010,28.1548
"Kyrgyz Republic",KGZ,2010,27.2654
Cambodia,KHM,2010,31.3431
Kiribati,KIR,2010,13.175
"Korea, Rep.",KOR,2010,29.802
Kuwait,KWT,2010,62.744
"Latin America & Caribbean (excluding high income)",LAC,2010,21.0678
"Lao PDR",LAO,2010,31.732
Lebanon,LBN,2010,30.8921
Liberia,LBR,2010,15.2492
Libya,LBY,2010,50.1472
"St. Lucia",LCA,2010,27.636
"Latin America & Caribbean",LCN,2010,21.0593
"Least developed countries: UN classification",LDC,2010,46.0296
"Low income",LIC,2010,41.3422
"Sri Lanka",LKA,2010,31.0338
"Lower middle income",LMC,2010,67.2796
"Low & middle income",LMY,2010,56.9409
Lesotho,LSO,2010,32.2406
"Late-demographic dividend",LTE,2010,52.0669
Lithuania,LTU,2010,14.9711
Luxembourg,LUX,2010,12.9588
Latvia,LVA,2010,17.1151
Morocco,MAR,2010,29.649
Moldova,MDA,2010,19.1161
Madagascar,MDG,2010,22.662
Maldives,MDV,2010,11.3098
"Middle East & North Africa",MEA,2010,51.8109
Mexico,MEX,2010,26.3654
"Marshall Islands",MHL,2010,12.9467
"Middle income",MIC,2010,58.6773
"North Macedonia",MKD,2010,34.457
Mali,MLI,2010,36.3977
Malta,MLT,2010,16.4494
Afghanistan,AFG,2011,66.8357
Angola,AGO,2011,33.1042
Albania,ALB,2011,22.7725
Andorra,AND,2011,13.2735
"Arab World",ARB,2011,52.6523
"United Arab Emirates",ARE,2011,39.1934
Argentina,ARG,2011,17.383
Armenia,ARM,2011,38.6123
"American Samoa",ASM,2011,15.3906
"Antigua and Barbuda",ATG,2011,23.1479
Australia,AUS,2011,11.0473
Austria,AUT,2011,15.5734
Azerbaijan,AZE,2011,23.6299
Burundi,BDI,2011,38.2362
Belgium,BEL,2011,15.6984
Benin,BEN,2011,32.5808
"Burkina Faso",BFA,2011,37.2814
Bangladesh,BGD,2011,70.2105
Bulgaria,BGR,2011,24.3003
Bahrain,BHR,2011,63.7325
"Bahamas, The",BHS,2011,21.7744
"Bosnia and Herzegovina",BIH,2011,34.1919
Belarus,BLR,2011,22.9111
Belize,BLZ,2011,28.8004
Bermuda,BMU,2011,14.8431
Bolivia,BOL,2011,27.9042
Brazil,BRA,2011,15.9128
Barbados,BRB,2011,29.3035
"Brunei Darussalam",BRN,2011,7.36619
Bhutan,BTN,2011,43.0717
Botswana,BWA,2011,24.5921
"Central African Republic",CAF,2011,51.2295
Canada,CAN,2011,8.62446
"Central Europe and the Baltics",CEB,2011,21.9098
Switzerland,CHE,2011,13.0492
Chile,CHL,2011,27.2459
China,CHN,2011,70.542
"Cote d'Ivoire",CIV,2011,22.5931
Cameroon,CMR,2011,58.0769
"Congo, Dem. Rep.",COD,2011,41.4933
"Congo, Rep.",COG,2011,44.1556
Colombia,COL,2011,21.3678
Comoros,COM,2011,21.0202
"Cabo Verde",CPV,2011,31.6418
"Costa Rica",CRI,2011,19.7021
"Caribbean small states",CSS,2011,23.6045
Cuba,CUB,2011,24.7873
Cyprus,CYP,2011,20.091
"Czech Republic",CZE,2011,20.0812
Germany,DEU,2011,14.6642
Djibouti,DJI,2011,40.4418
Dominica,DMA,2011,24.2761
Denmark,DNK,2011,12.6623
"Dominican Republic",DOM,2011,17.2998
Algeria,DZA,2011,33.834
"East Asia & Pacific (excluding high income)",EAP,2011,56.3847
"Early-demographic dividend",EAR,2011,64.8511
"East Asia & Pacific",EAS,2011,52.4169
"Europe & Central Asia (excluding high income)",ECA,2011,26.3768
"Europe & Central Asia",ECS,2011,20.5751
Ecuador,ECU,2011,19.322
"Egypt, Arab Rep.",EGY,2011,70.7864
"Euro area",EMU,2011,15.3664
Eritrea,ERI,2011,45.2574
Spain,ESP,2011,12.038
Estonia,EST,2011,8.44256
Ethiopia,ETH,2011,36.3179
"European Union",EUU,2011,16.1564
"Fragile and conflict affected situations",FCS,2011,42.283
Finland,FIN,2011,7.2837
Fiji,FJI,2011,13.8365
France,FRA,2011,14.878
"Micronesia, Fed. Sts.",FSM,2011,13.7317
Gabon,GAB,2011,41.1303
"United Kingdom",GBR,2011,12.848
Georgia,GEO,2011,26.7836
Ghana,GHA,2011,28.2117
Guinea,GIN,2011,22.4454
"Gambia, The",GMB,2011,29.2649
Guinea-Bissau,GNB,2011,27.3894
"Equatorial Guinea",GNQ,2011,46.8526
Greece,GRC,2011,20.0015
Grenada,GRD,2011,28.1395
Greenland,GRL,2011,14.0966
Guatemala,GTM,2011,31.7273
Guam,GUM,2011,14.1035
Guyana,GUY,2011,27.9294
"High income",HIC,2011,16.9588
Honduras,HND,2011,28.9007
"Heavily indebted poor countries (HIPC)",HPC,2011,37.9209
Croatia,HRV,2011,21.966
Haiti,HTI,2011,18.7579
Hungary,HUN,2011,19.3607
"IBRD only",IBD,2011,60.1541
"IDA & IBRD total",IBT,2011,57.2299
"IDA total",IDA,2011,47.9117
"IDA blend",IDB,2011,53.1798
Indonesia,IDN,2011,18.0497
"IDA only",IDX,2011,45.2226
India,IND,2011,97.5994
Ireland,IRL,2011,10.2851
"Iran, Islamic Rep.",IRN,2011,38.0497
Iraq,IRQ,2011,66.3626
Iceland,ISL,2011,8.09888
Israel,ISR,2011,23.9047
Italy,ITA,2011,19.9943
Jamaica,JAM,2011,16.5425
Jordan,JOR,2011,33.0173
Japan,JPN,2011,14.141
Kazakhstan,KAZ,2011,15.2438
Kenya,KEN,2011,28.6629
"Kyrgyz Republic",KGZ,2011,27.5176
Cambodia,KHM,2011,30.9196
Kiribati,KIR,2011,13.3582
"Korea, Rep.",KOR,2011,29.6812
Kuwait,KWT,2011,62.8254
"Latin America & Caribbean (excluding high income)",LAC,2011,21.4978
"Lao PDR",LAO,2011,29.6697
Lebanon,LBN,2011,30.0691
Liberia,LBR,2011,16.1471
Libya,LBY,2011,44.6317
"St. Lucia",LCA,2011,28.0787
"Latin America & Caribbean",LCN,2011,21.5164
"Least developed countries: UN classification",LDC,2011,46.4099
"Low income",LIC,2011,41.9445
"Sri Lanka",LKA,2011,31.2321
"Lower middle income",LMC,2011,67.7945
"Low & middle income",LMY,2011,57.4499
Lesotho,LSO,2011,31.3547
"Late-demographic dividend",LTE,2011,52.6523
Lithuania,LTU,2011,14.5097
Luxembourg,LUX,2011,12.686
Latvia,LVA,2011,16.5727
Morocco,MAR,2011,29.2666
Moldova,MDA,2011,19.9249
Madagascar,MDG,2011,23.3629
Maldives,MDV,2011,11.7896
"Middle East & North Africa",MEA,2011,50.2605
Mexico,MEX,2011,27.7413
"Marshall Islands",MHL,2011,12.9322
"Middle income",MIC,2011,59.1997
"North Macedonia",MKD,2011,38.0831
Mali,MLI,2011,35.1416
Malta,MLT,2011,16.6443
Afghanistan,AFG,2012,66.0232
Angola,AGO,2012,33.4155
Albania,ALB,2012,20.5783
Andorra,AND,2012,12.4071
"Arab World",ARB,2012,53.2973
"United Arab Emirates",ARE,2012,39.2771
Argentina,ARG,2012,16.1351
Armenia,ARM,2012,37.1845
"American Samoa",ASM,2012,14.3442
"Antigua and Barbuda",ATG,2012,21.4711
Australia,AUS,2012,10.5371
Austria,AUT,2012,14.2823
Azerbaijan,AZE,2012,22.1808
Burundi,BDI,2012,41.0113
Belgium,BEL,2012,14.7419
Benin,BEN,2012,31.992
"Burkina Faso",BFA,2012,38.7842
Bangladesh,BGD,2012,70.7939
Bulgaria,BGR,2012,22.6447
Bahrain,BHR,2012,70.2875
"Bahamas, The",BHS,2012,20.3171
"Bosnia and Herzegovina",BIH,2012,31.7733
Belarus,BLR,2012,21.6464
Belize,BLZ,2012,27.4091
Bermuda,BMU,2012,13.9791
Bolivia,BOL,2012,26.3902
Brazil,BRA,2012,15.2855
Barbados,BRB,2012,27.0335
"Brunei Darussalam",BRN,2012,7.57082
Bhutan,BTN,2012,42.9323
Botswana,BWA,2012,24.854
"Central African Republic",CAF,2012,53.3588
Canada,CAN,2012,8.10741
"Central Europe and the Baltics",CEB,2012,20.2036
Switzerland,CHE,2012,12.2614
Chile,CHL,2012,25.0472
China,CHN,2012,63.827
"Cote d'Ivoire",CIV,2012,22.4944
Cameroon,CMR,2012,62.7767
"Congo, Dem. Rep.",COD,2012,43.0368
"Congo, Rep.",COG,2012,43.49
Colombia,COL,2012,20.5366
Comoros,COM,2012,21.2526
"Cabo Verde",CPV,2012,32.941
"Costa Rica",CRI,2012,19.3351
"Caribbean small states",CSS,2012,22.1765
Cuba,CUB,2012,23.2398
Cyprus,CYP,2012,19.2248
"Czech Republic",CZE,2012,18.7432
Germany,DEU,2012,13.5776
Djibouti,DJI,2012,39.9428
Dominica,DMA,2012,22.2158
Denmark,DNK,2012,11.1155
"Dominican Republic",DOM,2012,16.1528
Algeria,DZA,2012,33.3668
"East Asia & Pacific (excluding high income)",EAP,2012,51.6405
"Early-demographic dividend",EAR,2012,60.375
"East Asia & Pacific",EAS,2012,48.0567
"Europe & Central Asia (excluding high income)",ECA,2012,25.5212
"Europe & Central Asia",ECS,2012,19.5001
Ecuador,ECU,2012,19.5577
"Egypt, Arab Rep.",EGY,2012,72.7906
"Euro area",EMU,2012,14.1575
Eritrea,ERI,2012,46.1338
Spain,ESP,2012,11.1496
Estonia,EST,2012,7.8107
Ethiopia,ETH,2012,35.9738
"European Union",EUU,2012,14.8692
"Fragile and conflict affected situations",FCS,2012,42.4188
Finland,FIN,2012,6.60113
Fiji,FJI,2012,12.8521
France,FRA,2012,13.8348
"Micronesia, Fed. Sts.",FSM,2012,12.9744
Gabon,GAB,2012,40.8141
"United Kingdom",GBR,2012,11.8145
Georgia,GEO,2012,25.0028
Ghana,GHA,2012,28.8974
Guinea,GIN,2012,22.99
"Gambia, The",GMB,2012,30.7291
Guinea-Bissau,GNB,2012,27.0902
"Equatorial Guinea",GNQ,2012,45.2324
Greece,GRC,2012,18.4208
Grenada,GRD,2012,26.4689
Greenland,GRL,2012,13.4067
Guatemala,GTM,2012,29.8863
Guam,GUM,2012,13.2423
Guyana,GUY,2012,26.9013
"High income",HIC,2012,16.0809
Honduras,HND,2012,27.4471
"Heavily indebted poor countries (HIPC)",HPC,2012,38.4747
Croatia,HRV,2012,20.2024
Haiti,HTI,2012,17.4802
Hungary,HUN,2012,17.53
"IBRD only",IBD,2012,55.3005
"IDA & IBRD total",IBT,2012,53.4969
"IDA total",IDA,2012,47.8075
"IDA blend",IDB,2012,52.66
Indonesia,IDN,2012,18.1702
"IDA only",IDX,2012,45.3187
India,IND,2012,88.1694
Ireland,IRL,2012,9.52269
"Iran, Islamic Rep.",IRN,2012,38.5421
Iraq,IRQ,2012,66.8421
Iceland,ISL,2012,7.33693
Israel,ISR,2012,23.0388
Italy,ITA,2012,18.1052
Jamaica,JAM,2012,15.4605
Jordan,JOR,2012,33.0169
Japan,JPN,2012,13.1289
Kazakhstan,KAZ,2012,14.481
Kenya,KEN,2012,29.3723
"Kyrgyz Republic",KGZ,2012,25.4898
Cambodia,KHM,2012,31.2837
Kiribati,KIR,2012,12.5942
"Korea, Rep.",KOR,2012,27.916
Kuwait,KWT,2012,64.0709
"Latin America & Caribbean (excluding high income)",LAC,2012,20.4566
"Lao PDR",LAO,2012,30.2974
Lebanon,LBN,2012,30.1081
Liberia,LBR,2012,16.2882
Libya,LBY,2012,44.9114
"St. Lucia",LCA,2012,26.3675
"Latin America & Caribbean",LCN,2012,20.4483
"Least developed countries: UN classification",LDC,2012,46.5756
"Low income",LIC,2012,42.055
"Sri Lanka",LKA,2012,30.084
"Lower middle income",LMC,2012,63.312
"Low & middle income",LMY,2012,53.7058
Lesotho,LSO,2012,31.2132
"Late-demographic dividend",LTE,2012,48.1616
Lithuania,LTU,2012,13.7845
Luxembourg,LUX,2012,11.7756
Latvia,LVA,2012,15.5986
Morocco,MAR,2012,27.7903
Moldova,MDA,2012,18.4093
Madagascar,MDG,2012,22.7164
Maldives,MDV,2012,11.1575
"Middle East & North Africa",MEA,2012,51.06
Mexico,MEX,2012,25.9817
"Marshall Islands",MHL,2012,12.1235
"Middle income",MIC,2012,55.0308
"North Macedonia",MKD,2012,34.6578
Mali,MLI,2012,34.7002
Malta,MLT,2012,15.3972
Afghanistan,AFG,2013,61.3667
Angola,AGO,2013,34.6639
Albania,ALB,2013,19.9385
Andorra,AND,2013,11.8137
"Arab World",ARB,2013,54.0538
"United Arab Emirates",ARE,2013,39.6082
Argentina,ARG,2013,15.5974
Armenia,ARM,2013,34.9372
"American Samoa",ASM,2013,14.1272
"Antigua and Barbuda",ATG,2013,20.7354
Australia,AUS,2013,9.98768
Austria,AUT,2013,14.0816
Azerbaijan,AZE,2013,22.2788
Burundi,BDI,2013,39.9711
Belgium,BEL,2013,14.0227
Benin,BEN,2013,31.4433
"Burkina Faso",BFA,2013,33.2872
Bangladesh,BGD,2013,65.6451
Bulgaria,BGR,2013,20.9996
Bahrain,BHR,2013,67.7947
"Bahamas, The",BHS,2013,19.9094
"Bosnia and Herzegovina",BIH,2013,30.4462
Belarus,BLR,2013,20.5905
Belize,BLZ,2013,27.2844
Bermuda,BMU,2013,13.4789
Bolivia,BOL,2013,26.0905
Brazil,BRA,2013,14.6099
Barbados,BRB,2013,26.2302
"Brunei Darussalam",BRN,2013,6.70949
Bhutan,BTN,2013,41.8819
Botswana,BWA,2013,24.8743
"Central African Republic",CAF,2013,50.8749
Canada,CAN,2013,7.79164
"Central Europe and the Baltics",CEB,2013,19.2254
Switzerland,CHE,2013,11.8201
Chile,CHL,2013,23.9367
China,CHN,2013,65.5145
"Cote d'Ivoire",CIV,2013,21.3055
Cameroon,CMR,2013,58.1863
"Congo, Dem. Rep.",COD,2013,44.4958
"Congo, Rep.",COG,2013,46.1266
Colombia,COL,2013,19.2233
Comoros,COM,2013,21.048
"Cabo Verde",CPV,2013,32.0858
"Costa Rica",CRI,2013,18.3415
"Caribbean small states",CSS,2013,21.4564
Cuba,CUB,2013,22.8507
Cyprus,CYP,2013,18.6845
"Czech Republic",CZE,2013,17.9963
Germany,DEU,2013,13.1919
Djibouti,DJI,2013,40.1038
Dominica,DMA,2013,22.1511
Denmark,DNK,2013,10.8203
"Dominican Republic",DOM,2013,15.397
Algeria,DZA,2013,34.2453
"East Asia & Pacific (excluding high income)",EAP,2013,52.4407
"Early-demographic dividend",EAR,2013,61.3952
"East Asia & Pacific",EAS,2013,48.8272
"Europe & Central Asia (excluding high income)",ECA,2013,25.0996
"Europe & Central Asia",ECS,2013,19.0792
Ecuador,ECU,2013,18.1186
"Egypt, Arab Rep.",EGY,2013,76.2137
"Euro area",EMU,2013,13.7881
Eritrea,ERI,2013,47.6278
Spain,ESP,2013,10.7426
Estonia,EST,2013,7.48281
Ethiopia,ETH,2013,35.8842
"European Union",EUU,2013,14.3967
"Fragile and conflict affected situations",FCS,2013,41.7471
Finland,FIN,2013,6.27869
Fiji,FJI,2013,12.1446
France,FRA,2013,13.5943
"Micronesia, Fed. Sts.",FSM,2013,12.7425
Gabon,GAB,2013,40.7257
"United Kingdom",GBR,2013,11.6189
Georgia,GEO,2013,23.9102
Ghana,GHA,2013,27.8153
Guinea,GIN,2013,21.2586
"Gambia, The",GMB,2013,29.8047
Guinea-Bissau,GNB,2013,26.5242
"Equatorial Guinea",GNQ,2013,43.6258
Greece,GRC,2013,17.7794
Grenada,GRD,2013,25.8473
Greenland,GRL,2013,12.758
Guatemala,GTM,2013,30.0568
Guam,GUM,2013,12.7888
Guyana,GUY,2013,24.8555
"High income",HIC,2013,15.8796
Honduras,HND,2013,27.6841
"Heavily indebted poor countries (HIPC)",HPC,2013,37.1785
Croatia,HRV,2013,19.587
Haiti,HTI,2013,16.767
Hungary,HUN,2013,17.2318
"IBRD only",IBD,2013,56.6426
"IDA & IBRD total",IBT,2013,53.972
"IDA total",IDA,2013,45.6514
"IDA blend",IDB,2013,49.6439
Indonesia,IDN,2013,16.8792
"IDA only",IDX,2013,43.6009
India,IND,2013,91.8048
Ireland,IRL,2013,9.36015
"Iran, Islamic Rep.",IRN,2013,38.1011
Iraq,IRQ,2013,63.8027
Iceland,ISL,2013,7.17121
Israel,ISR,2013,22.9463
Italy,ITA,2013,17.7577
Jamaica,JAM,2013,14.9314
Jordan,JOR,2013,33.4176
Japan,JPN,2013,13.3626
Kazakhstan,KAZ,2013,14.5986
Kenya,KEN,2013,28.9353
"Kyrgyz Republic",KGZ,2013,25.4404
Cambodia,KHM,2013,30.3365
Kiribati,KIR,2013,12.3253
"Korea, Rep.",KOR,2013,29.4619
Kuwait,KWT,2013,62.6113
"Latin America & Caribbean (excluding high income)",LAC,2013,19.7932
"Lao PDR",LAO,2013,30.2595
Lebanon,LBN,2013,30.5881
Liberia,LBR,2013,15.3829
Libya,LBY,2013,49.2795
"St. Lucia",LCA,2013,25.4448
"Latin America & Caribbean",LCN,2013,19.7792
"Least developed countries: UN classification",LDC,2013,44.783
"Low income",LIC,2013,41.0118
"Sri Lanka",LKA,2013,28.8982
"Lower middle income",LMC,2013,64.0119
"Low & middle income",LMY,2013,54.1964
Lesotho,LSO,2013,32.1487
"Late-demographic dividend",LTE,2013,48.9813
Lithuania,LTU,2013,12.9812
Luxembourg,LUX,2013,11.6054
Latvia,LVA,2013,14.8843
Morocco,MAR,2013,29.2595
Moldova,MDA,2013,17.4324
Madagascar,MDG,2013,23.9092
Maldives,MDV,2013,10.5697
"Middle East & North Africa",MEA,2013,51.9402
Mexico,MEX,2013,25.4491
"Marshall Islands",MHL,2013,11.8744
"Middle income",MIC,2013,55.7153
"North Macedonia",MKD,2013,32.015
Mali,MLI,2013,32.3068
Malta,MLT,2013,15.2819
Afghanistan,AFG,2014,59.0103
Angola,AGO,2014,32.974
Albania,ALB,2014,18.884
Andorra,AND,2014,10.8304
"Arab World",ARB,2014,52.5836
"United Arab Emirates",ARE,2014,37.9834
Argentina,ARG,2014,14.467
Armenia,ARM,2014,33.0859
"American Samoa",ASM,2014,13.317
"Antigua and Barbuda",ATG,2014,19.7256
Australia,AUS,2014,9.49298
Austria,AUT,2014,13.3792
Azerbaijan,AZE,2014,20.7101
Burundi,BDI,2014,39.3876
Belgium,BEL,2014,13.2336
Benin,BEN,2014,29.6605
"Burkina Faso",BFA,2014,33.9691
Bangladesh,BGD,2014,68.3954
Bulgaria,BGR,2014,20.7436
Bahrain,BHR,2014,62.7585
"Bahamas, The",BHS,2014,18.4953
"Bosnia and Herzegovina",BIH,2014,28.7773
Belarus,BLR,2014,19.7661
Belize,BLZ,2014,24.4211
Bermuda,BMU,2014,12.8064
Bolivia,BOL,2014,24.8188
Brazil,BRA,2014,13.9899
Barbados,BRB,2014,25.183
"Brunei Darussalam",BRN,2014,6.18083
Bhutan,BTN,2014,40.8397
Botswana,BWA,2014,24.1513
"Central African Republic",CAF,2014,49.3564
Canada,CAN,2014,7.42842
"Central Europe and the Baltics",CEB,2014,18.6092
Switzerland,CHE,2014,11.3891
Chile,CHL,2014,22.8683
China,CHN,2014,59.7674
"Cote d'Ivoire",CIV,2014,20.9002
Cameroon,CMR,2014,56.7153
"Congo, Dem. Rep.",COD,2014,42.5494
"Congo, Rep.",COG,2014,45.8528
Colombia,COL,2014,18.3442
Comoros,COM,2014,21.5021
"Cabo Verde",CPV,2014,31.6211
"Costa Rica",CRI,2014,17.5436
"Caribbean small states",CSS,2014,19.9665
Cuba,CUB,2014,21.2962
Cyprus,CYP,2014,18.2935
"Czech Republic",CZE,2014,17.3912
Germany,DEU,2014,12.7512
Djibouti,DJI,2014,41.2597
Dominica,DMA,2014,21.0103
Denmark,DNK,2014,11.0667
"Dominican Republic",DOM,2014,14.1881
Algeria,DZA,2014,35.5639
"East Asia & Pacific (excluding high income)",EAP,2014,48.1206
"Early-demographic dividend",EAR,2014,59.996
"East Asia & Pacific",EAS,2014,44.8495
"Europe & Central Asia (excluding high income)",ECA,2014,24.2756
"Europe & Central Asia",ECS,2014,18.3905
Ecuador,ECU,2014,16.2342
"Egypt, Arab Rep.",EGY,2014,76.5596
"Euro area",EMU,2014,13.2245
Eritrea,ERI,2014,44.3749
Spain,ESP,2014,10.0746
Estonia,EST,2014,7.70555
Ethiopia,ETH,2014,35.0436
"European Union",EUU,2014,13.8114
"Fragile and conflict affected situations",FCS,2014,40.1099
Finland,FIN,2014,6.46864
Fiji,FJI,2014,11.9229
France,FRA,2014,12.2897
"Micronesia, Fed. Sts.",FSM,2014,11.8669
Gabon,GAB,2014,41.3196
"United Kingdom",GBR,2014,10.8006
Georgia,GEO,2014,22.9667
Ghana,GHA,2014,25.8895
Guinea,GIN,2014,21.1967
"Gambia, The",GMB,2014,30.6219
Guinea-Bissau,GNB,2014,26.941
"Equatorial Guinea",GNQ,2014,44.3018
Greece,GRC,2014,17.365
Grenada,GRD,2014,24.287
Greenland,GRL,2014,12.5105
Guatemala,GTM,2014,26.5279
Guam,GUM,2014,12.0226
Guyana,GUY,2014,23.6483
"High income",HIC,2014,14.9869
Honduras,HND,2014,23.1615
"Heavily indebted poor countries (HIPC)",HPC,2014,36.3869
Croatia,HRV,2014,18.4331
Haiti,HTI,2014,16.2622
Hungary,HUN,2014,16.3153
"IBRD only",IBD,2014,53.9251
"IDA & IBRD total",IBT,2014,51.7252
"IDA total",IDA,2014,44.956
"IDA blend",IDB,2014,48.4587
Indonesia,IDN,2014,16.4546
"IDA only",IDX,2014,43.1548
India,IND,2014,89.6224
Ireland,IRL,2014,8.75052
"Iran, Islamic Rep.",IRN,2014,38.1095
Iraq,IRQ,2014,56.567
Iceland,ISL,2014,6.9489
Israel,ISR,2014,22.0591
Italy,ITA,2014,17.7693
Jamaica,JAM,2014,14.0743
Jordan,JOR,2014,33.2054
Japan,JPN,2014,12.5866
Kazakhstan,KAZ,2014,13.7498
Kenya,KEN,2014,28.9494
"Kyrgyz Republic",KGZ,2014,23.2982
Cambodia,KHM,2014,28.5834
Kiribati,KIR,2014,11.3937
"Korea, Rep.",KOR,2014,27.2131
Kuwait,KWT,2014,55.6239
"Latin America & Caribbean (excluding high income)",LAC,2014,18.3891
"Lao PDR",LAO,2014,28.3902
Lebanon,LBN,2014,30.4446
Liberia,LBR,2014,14.9423
Libya,LBY,2014,47.5012
"St. Lucia",LCA,2014,24.2363
"Latin America & Caribbean",LCN,2014,18.3999
"Least developed countries: UN classification",LDC,2014,44.4218
"Low income",LIC,2014,40.0478
"Sri Lanka",LKA,2014,26.9228
"Lower middle income",LMC,2014,62.6517
"Low & middle income",LMY,2014,51.9355
Lesotho,LSO,2014,33.0801
"Late-demographic dividend",LTE,2014,45.0222
Lithuania,LTU,2014,12.8452
Luxembourg,LUX,2014,10.8576
Latvia,LVA,2014,14.8791
Morocco,MAR,2014,29.9494
Moldova,MDA,2014,16.7265
Madagascar,MDG,2014,23.5178
Maldives,MDV,2014,9.92123
"Middle East & North Africa",MEA,2014,50.5227
Mexico,MEX,2014,23.0997
"Marshall Islands",MHL,2014,11.0702
"Middle income",MIC,2014,53.323
"North Macedonia",MKD,2014,31.7905
Mali,MLI,2014,33.9161
Malta,MLT,2014,14.4354
Afghanistan,AFG,2015,61.2527
Angola,AGO,2015,32.7299
Albania,ALB,2015,19.5125
Andorra,AND,2015,11.4622
"Arab World",ARB,2015,60.4068
"United Arab Emirates",ARE,2015,42.335
Argentina,ARG,2015,14.6316
Armenia,ARM,2015,34.8814
"American Samoa",ASM,2015,13.0194
"Antigua and Barbuda",ATG,2015,19.6964
Australia,AUS,2015,9.32001
Austria,AUT,2015,13.5411
Azerbaijan,AZE,2015,21.4141
Burundi,BDI,2015,38.4309
Belgium,BEL,2015,13.5665
Benin,BEN,2015,40.4707
"Burkina Faso",BFA,2015,46.5622
Bangladesh,BGD,2015,66.9658
Bulgaria,BGR,2015,20.7764
Bahrain,BHR,2015,72.6047
"Bahamas, The",BHS,2015,18.8863
"Bosnia and Herzegovina",BIH,2015,29.6228
Belarus,BLR,2015,20.0763
Belize,BLZ,2015,25.2168
Bermuda,BMU,2015,12.418
Bolivia,BOL,2015,22.4764
Brazil,BRA,2015,13.5947
Barbados,BRB,2015,24.6862
"Brunei Darussalam",BRN,2015,6.48418
Bhutan,BTN,2015,39.8186
Botswana,BWA,2015,24.3303
"Central African Republic",CAF,2015,58.3261
Canada,CAN,2015,7.15158
"Central Europe and the Baltics",CEB,2015,18.9941
Switzerland,CHE,2015,11.1653
Chile,CHL,2015,22.5698
China,CHN,2015,59.0634
"Cote d'Ivoire",CIV,2015,27.6875
Cameroon,CMR,2015,77.0517
"Congo, Dem. Rep.",COD,2015,44.9312
"Congo, Rep.",COG,2015,44.1477
Colombia,COL,2015,17.3003
Comoros,COM,2015,20.7156
"Cabo Verde",CPV,2015,38.6336
"Costa Rica",CRI,2015,16.8793
"Caribbean small states",CSS,2015,20.0874
Cuba,CUB,2015,20.8641
Cyprus,CYP,2015,19.1013
"Czech Republic",CZE,2015,17.4165
Germany,DEU,2015,12.8261
Djibouti,DJI,2015,45.9508
Dominica,DMA,2015,20.6888
Denmark,DNK,2015,10.6573
"Dominican Republic",DOM,2015,14.8582
Algeria,DZA,2015,36.0892
"East Asia & Pacific (excluding high income)",EAP,2015,47.3731
"Early-demographic dividend",EAR,2015,60.6144
"East Asia & Pacific",EAS,2015,44.2189
"Europe & Central Asia (excluding high income)",ECA,2015,25.4068
"Europe & Central Asia",ECS,2015,18.9989
Ecuador,ECU,2015,15.6997
"Egypt, Arab Rep.",EGY,2015,88.2134
"Euro area",EMU,2015,13.4306
Eritrea,ERI,2015,49.8289
Spain,ESP,2015,10.4491
Estonia,EST,2015,7.00373
Ethiopia,ETH,2015,38.8586
"European Union",EUU,2015,13.9961
"Fragile and conflict affected situations",FCS,2015,44.0815
Finland,FIN,2015,6.06383
Fiji,FJI,2015,11.6419
France,FRA,2015,12.7457
"Micronesia, Fed. Sts.",FSM,2015,11.726
Gabon,GAB,2015,44.0959
"United Kingdom",GBR,2015,10.7549
Georgia,GEO,2015,24.2526
Ghana,GHA,2015,34.6819
Guinea,GIN,2015,26.9429
"Gambia, The",GMB,2015,36.3054
Guinea-Bissau,GNB,2015,31.7913
"Equatorial Guinea",GNQ,2015,52.6344
Greece,GRC,2015,17.7406
Grenada,GRD,2015,24.1628
Greenland,GRL,2015,11.762
Guatemala,GTM,2015,25.0727
Guam,GUM,2015,12.5318
Guyana,GUY,2015,23.8879
"High income",HIC,2015,15.8145
Honduras,HND,2015,22.4062
"Heavily indebted poor countries (HIPC)",HPC,2015,41.3736
Croatia,HRV,2015,19.2067
Haiti,HTI,2015,15.5403
Hungary,HUN,2015,17.2321
"IBRD only",IBD,2015,53.908
"IDA & IBRD total",IBT,2015,53.0462
"IDA total",IDA,2015,50.4284
"IDA blend",IDB,2015,58.9676
Indonesia,IDN,2015,16.6403
"IDA only",IDX,2015,46.0334
India,IND,2015,89.3033
Ireland,IRL,2015,8.67247
"Iran, Islamic Rep.",IRN,2015,39.6105
Iraq,IRQ,2015,66.265
Iceland,ISL,2015,6.92797
Israel,ISR,2015,22.7798
Italy,ITA,2015,17.8914
Jamaica,JAM,2015,14.1767
Jordan,JOR,2015,34.3055
Japan,JPN,2015,12.6875
Kazakhstan,KAZ,2015,14.3848
Kenya,KEN,2015,28.5363
"Kyrgyz Republic",KGZ,2015,24.3447
Cambodia,KHM,2015,26.7692
Kiribati,KIR,2015,11.5143
"Korea, Rep.",KOR,2015,28.2142
Kuwait,KWT,2015,65.4061
"Latin America & Caribbean (excluding high income)",LAC,2015,17.7299
"Lao PDR",LAO,2015,26.1395
Lebanon,LBN,2015,31.2293
Liberia,LBR,2015,18.2128
Libya,LBY,2015,51.5326
"St. Lucia",LCA,2015,24.2832
"Latin America & Caribbean",LCN,2015,17.7617
"Least developed countries: UN classification",LDC,2015,47.0163
"Low income",LIC,2015,43.7733
"Sri Lanka",LKA,2015,25.3373
"Lower middle income",LMC,2015,64.8479
"Low & middle income",LMY,2015,53.2667
Lesotho,LSO,2015,30.885
"Late-demographic dividend",LTE,2015,44.5293
Lithuania,LTU,2015,12.455
Luxembourg,LUX,2015,11.0067
Latvia,LVA,2015,13.9682
Morocco,MAR,2015,31.4401
Moldova,MDA,2015,17.0791
Madagascar,MDG,2015,22.9504
Maldives,MDV,2015,9.37394
"Middle East & North Africa",MEA,2015,57.0183
Mexico,MEX,2015,22.133
"Marshall Islands",MHL,2015,10.8377
"Middle income",MIC,2015,54.39
"North Macedonia",MKD,2015,31.976
Mali,MLI,2015,41.9269
Malta,MLT,2015,14.7225
Afghanistan,AFG,2016,56.287
Angola,AGO,2016,31.7854
Albania,ALB,2016,18.1899
Andorra,AND,2016,10.2558
"Arab World",ARB,2016,58.7649
"United Arab Emirates",ARE,2016,40.5221
Argentina,ARG,2016,13.7514
Armenia,ARM,2016,32.2272
"American Samoa",ASM,2016,12.3827
"Antigua and Barbuda",ATG,2016,18.4609
Australia,AUS,2016,8.61451
Austria,AUT,2016,12.5968
Azerbaijan,AZE,2016,20.2082
Burundi,BDI,2016,38.6532
Belgium,BEL,2016,12.8331
Benin,BEN,2016,38.4477
"Burkina Faso",BFA,2016,41.5372
Bangladesh,BGD,2016,60.1263
Bulgaria,BGR,2016,19.283
Bahrain,BHR,2016,69.8642
"Bahamas, The",BHS,2016,17.6513
"Bosnia and Herzegovina",BIH,2016,27.5945
Belarus,BLR,2016,18.8782
Belize,BLZ,2016,23.0657
Bermuda,BMU,2016,11.6599
Bolivia,BOL,2016,21.3866
Brazil,BRA,2016,12.6587
Barbados,BRB,2016,23.4592
"Brunei Darussalam",BRN,2016,5.9276
Bhutan,BTN,2016,37.2244
Botswana,BWA,2016,23.6313
"Central African Republic",CAF,2016,56.9854
Canada,CAN,2016,6.54907
"Central Europe and the Baltics",CEB,2016,17.6411
Switzerland,CHE,2016,10.3426
Chile,CHL,2016,20.8769
China,CHN,2016,52.2113
"Cote d'Ivoire",CIV,2016,26.6747
Cameroon,CMR,2016,73.2053
"Congo, Dem. Rep.",COD,2016,45.4995
"Congo, Rep.",COG,2016,45.711
Colombia,COL,2016,16.5806
Comoros,COM,2016,20.4827
"Cabo Verde",CPV,2016,33.3923
"Costa Rica",CRI,2016,15.6558
"Caribbean small states",CSS,2016,19.1024
Cuba,CUB,2016,19.7378
Cyprus,CYP,2016,16.958
"Czech Republic",CZE,2016,16.1006
Germany,DEU,2016,11.9378
Djibouti,DJI,2016,45.8689
Dominica,DMA,2016,19.9881
Denmark,DNK,2016,10.096
"Dominican Republic",DOM,2016,13.6902
Algeria,DZA,2016,39.8533
"East Asia & Pacific (excluding high income)",EAP,2016,42.2995
"Early-demographic dividend",EAR,2016,59.8702
"East Asia & Pacific",EAS,2016,39.5205
"Europe & Central Asia (excluding high income)",ECA,2016,24.3186
"Europe & Central Asia",ECS,2016,18.0078
Ecuador,ECU,2016,14.9816
"Egypt, Arab Rep.",EGY,2016,88.1485
"Euro area",EMU,2016,12.4661
Eritrea,ERI,2016,48.6709
Spain,ESP,2016,9.70414
Estonia,EST,2016,6.82145
Ethiopia,ETH,2016,39.245
"European Union",EUU,2016,13.0557
"Fragile and conflict affected situations",FCS,2016,42.2884
Finland,FIN,2016,5.89376
Fiji,FJI,2016,11.0593
France,FRA,2016,11.8552
"Micronesia, Fed. Sts.",FSM,2016,11.1345
Gabon,GAB,2016,43.7207
"United Kingdom",GBR,2016,10.5047
Georgia,GEO,2016,21.8296
Ghana,GHA,2016,36.2527
Guinea,GIN,2016,24.7777
"Gambia, The",GMB,2016,32.6153
Guinea-Bissau,GNB,2016,29.5859
"Equatorial Guinea",GNQ,2016,54.509
Greece,GRC,2016,16.3289
Grenada,GRD,2016,22.8887
Greenland,GRL,2016,11.5725
Guatemala,GTM,2016,23.7978
Guam,GUM,2016,11.6518
Guyana,GUY,2016,22.3715
"High income",HIC,2016,14.518
Honduras,HND,2016,21.087
"Heavily indebted poor countries (HIPC)",HPC,2016,40.4672
Croatia,HRV,2016,17.7893
Haiti,HTI,2016,15.0865
Hungary,HUN,2016,15.8854
"IBRD only",IBD,2016,51.6184
"IDA & IBRD total",IBT,2016,50.8016
"IDA total",IDA,2016,48.3524
"IDA blend",IDB,2016,56.6892
Indonesia,IDN,2016,16.3842
"IDA only",IDX,2016,44.0589
India,IND,2016,89.6722
Ireland,IRL,2016,8.27916
"Iran, Islamic Rep.",IRN,2016,38.8413
Iraq,IRQ,2016,63.9548
Iceland,ISL,2016,6.60765
Israel,ISR,2016,20.7657
Italy,ITA,2016,16.4904
Jamaica,JAM,2016,13.396
Jordan,JOR,2016,33.1766
Japan,JPN,2016,11.6239
Kazakhstan,KAZ,2016,13.0844
Kenya,KEN,2016,28.5834
"Kyrgyz Republic",KGZ,2016,23.1956
Cambodia,KHM,2016,25.2029
Kiribati,KIR,2016,10.5378
"Korea, Rep.",KOR,2016,25.0985
Kuwait,KWT,2016,60.8439
"Latin America & Caribbean (excluding high income)",LAC,2016,16.6872
"Lao PDR",LAO,2016,25.801
Lebanon,LBN,2016,30.1719
Liberia,LBR,2016,17.8868
Libya,LBY,2016,52.1292
"St. Lucia",LCA,2016,22.3534
"Latin America & Caribbean",LCN,2016,16.7083
"Least developed countries: UN classification",LDC,2016,44.9133
"Low income",LIC,2016,42.8913
"Sri Lanka",LKA,2016,14.0254
"Lower middle income",LMC,2016,63.8959
"Low & middle income",LMY,2016,51.0015
Lesotho,LSO,2016,28.3368
"Late-demographic dividend",LTE,2016,39.7729
Lithuania,LTU,2016,11.8216
Luxembourg,LUX,2016,10.312
Latvia,LVA,2016,13.4475
Morocco,MAR,2016,32.9354
Moldova,MDA,2016,16.3638
Madagascar,MDG,2016,22.8957
Maldives,MDV,2016,7.97243
"Middle East & North Africa",MEA,2016,55.8074
Mexico,MEX,2016,20.7068
"Marshall Islands",MHL,2016,10.152
"Middle income",MIC,2016,51.9748
"North Macedonia",MKD,2016,29.5933
Mali,MLI,2016,38.4804
Malta,MLT,2016,13.8114
Afghanistan,AFG,2017,56.9108
Angola,AGO,2017,32.3885
Albania,ALB,2017,18.2006
Andorra,AND,2017,10.3076
"Arab World",ARB,2017,58.6893
"United Arab Emirates",ARE,2017,40.9175
Argentina,ARG,2017,13.3118
Armenia,ARM,2017,32.5281
"American Samoa",ASM,2017,12.4738
"Antigua and Barbuda",ATG,2017,18.6223
Australia,AUS,2017,8.55032
Austria,AUT,2017,12.478
Azerbaijan,AZE,2017,19.9287
Burundi,BDI,2017,38.8963
Belgium,BEL,2017,12.8865
Benin,BEN,2017,39
"Burkina Faso",BFA,2017,42.9356
Bangladesh,BGD,2017,60.8458
Bulgaria,BGR,2017,19.1491
Bahrain,BHR,2017,70.8162
"Bahamas, The",BHS,2017,17.3677
"Bosnia and Herzegovina",BIH,2017,27.7477
Belarus,BLR,2017,18.7656
Belize,BLZ,2017,23.0119
Bermuda,BMU,2017,11.6464
Bolivia,BOL,2017,21.569
Brazil,BRA,2017,12.7066
Barbados,BRB,2017,23.0802
"Brunei Darussalam",BRN,2017,5.90307
Bhutan,BTN,2017,37.9265
Botswana,BWA,2017,23.0944
"Central African Republic",CAF,2017,56.8285
Canada,CAN,2017,6.42838
"Central Europe and the Baltics",CEB,2017,17.6333
Switzerland,CHE,2017,10.3031
Chile,CHL,2017,21.0363
China,CHN,2017,52.6646
"Cote d'Ivoire",CIV,2017,25.8863
Cameroon,CMR,2017,72.7931
"Congo, Dem. Rep.",COD,2017,44.9093
"Congo, Rep.",COG,2017,46.6382
Colombia,COL,2017,16.5272
Comoros,COM,2017,20.5468
"Cabo Verde",CPV,2017,34.7787
"Costa Rica",CRI,2017,15.7259
"Caribbean small states",CSS,2017,19.0098
Cuba,CUB,2017,19.706
Cyprus,CYP,2017,17.2944
"Czech Republic",CZE,2017,16.0712
Germany,DEU,2017,12.0288
Djibouti,DJI,2017,45.5496
Dominica,DMA,2017,19.4932
Denmark,DNK,2017,10.0297
"Dominican Republic",DOM,2017,13.7263
Algeria,DZA,2017,38.884
"East Asia & Pacific (excluding high income)",EAP,2017,42.5395
"Early-demographic dividend",EAR,2017,60.3593
"East Asia & Pacific",EAS,2017,39.75
"Europe & Central Asia (excluding high income)",ECA,2017,24.4339
"Europe & Central Asia",ECS,2017,18.082
Ecuador,ECU,2017,14.8861
"Egypt, Arab Rep.",EGY,2017,86.9995
"Euro area",EMU,2017,12.5251
Eritrea,ERI,2017,48.0302
Spain,ESP,2017,9.69793
Estonia,EST,2017,6.73212
Ethiopia,ETH,2017,38.9787
"European Union",EUU,2017,13.08
"Fragile and conflict affected situations",FCS,2017,42.2173
Finland,FIN,2017,5.86133
Fiji,FJI,2017,10.8402
France,FRA,2017,11.815
"Micronesia, Fed. Sts.",FSM,2017,11.2834
Gabon,GAB,2017,44.3855
"United Kingdom",GBR,2017,10.4727
Georgia,GEO,2017,22.1961
Ghana,GHA,2017,34.7135
Guinea,GIN,2017,26.0625
"Gambia, The",GMB,2017,33.9826
Guinea-Bissau,GNB,2017,29.7747
"Equatorial Guinea",GNQ,2017,53.2406
Greece,GRC,2017,16.2183
Grenada,GRD,2017,22.7227
Greenland,GRL,2017,11.6022
Guatemala,GTM,2017,24.0706
Guam,GUM,2017,11.6344
Guyana,GUY,2017,22.3756
"High income",HIC,2017,14.6829
Honduras,HND,2017,20.6289
"Heavily indebted poor countries (HIPC)",HPC,2017,40.685
Croatia,HRV,2017,17.9018
Haiti,HTI,2017,15.0198
Hungary,HUN,2017,15.926
"IBRD only",IBD,2017,52.0454
"IDA & IBRD total",IBT,2017,51.1683
"IDA total",IDA,2017,48.5727
"IDA blend",IDB,2017,56.7962
Indonesia,IDN,2017,16.5027
"IDA only",IDX,2017,44.3366
India,IND,2017,90.8732
Ireland,IRL,2017,8.20858
"Iran, Islamic Rep.",IRN,2017,38.9788
Iraq,IRQ,2017,61.6362
Iceland,ISL,2017,6.48115
Israel,ISR,2017,21.3811
Italy,ITA,2017,16.7507
Jamaica,JAM,2017,13.4042
Jordan,JOR,2017,33.0061
Japan,JPN,2017,11.7048
Kazakhstan,KAZ,2017,13.8243
Kenya,KEN,2017,28.5784
"Kyrgyz Republic",KGZ,2017,22.7378
Cambodia,KHM,2017,25.6143
Kiribati,KIR,2017,10.6409
"Korea, Rep.",KOR,2017,25.0394
Kuwait,KWT,2017,60.7452
"Latin America & Caribbean (excluding high income)",LAC,2017,16.691
"Lao PDR",LAO,2017,25.1095
Lebanon,LBN,2017,30.6211
Liberia,LBR,2017,17.9841
Libya,LBY,2017,54.2547
"St. Lucia",LCA,2017,22.4008
"Latin America & Caribbean",LCN,2017,16.718
"Least developed countries: UN classification",LDC,2017,45.2687
"Low income",LIC,2017,43.2167
"Sri Lanka",LKA,2017,11.0996
"Lower middle income",LMC,2017,64.3986
"Low & middle income",LMY,2017,51.3696
Lesotho,LSO,2017,28.0287
"Late-demographic dividend",LTE,2017,40.0002
Lithuania,LTU,2017,11.8533
Luxembourg,LUX,2017,10.3646
Latvia,LVA,2017,13.4265
Morocco,MAR,2017,32.5935
Moldova,MDA,2017,16.251
Madagascar,MDG,2017,22.5423
Maldives,MDV,2017,7.79582
"Middle East & North Africa",MEA,2017,55.6693
Mexico,MEX,2017,20.9211
"Marshall Islands",MHL,2017,10.2413
"Middle income",MIC,2017,52.3625
"North Macedonia",MKD,2017,29.7269
Mali,MLI,2017,38.5266
Malta,MLT,2017,13.9095
